"DESCRIPTION","DURATION IN MS","NAME","PARENT SUITE","START TIME","STATUS","STOP TIME","SUB SUITE","SUITE","TEST CLASS","TEST METHOD"
"","270","FAIL - Sans token - 401","DELETE /api/rendezvous/:id - Annuler RDV","2026-04-29","passed","2026-04-29","","","",""
"","300","FAIL - Citoyen ne peut pas marquer servi - 403","PUT /api/tickets/agent/:id/servi - Ticket servi","2026-04-29","passed","2026-04-29","","","",""
"","","OK - Email d'approbation envoye","PUT /api/etablissements/:id/valider — Approbation","2026-04-29","skipped","","","","",""
"","306","✅ Route publique — pas de token requis","GET /api/etablissements — Liste publique","2026-04-29","passed","2026-04-29","","","",""
"","214","FAIL - Service inexistant - 404","GET /api/services/:id/stats - Stats publiques","2026-04-29","passed","2026-04-29","","","",""
"","1","EDGE — position négative → 0 (pas de temps négatif)","[CRITIQUE] Calcul temps d'attente estimé","2026-04-29","passed","2026-04-29","","","",""
"","20","OK — 08:00-17:00 durée 30min sans pause → 18 créneaux","[CRITIQUE] Génération créneaux horaires","2026-04-29","passed","2026-04-29","","","",""
"","","OK - Etablissement inexistant retourne liste vide","GET /api/services/etablissement/:id - Liste publique","2026-04-29","skipped","","","","",""
"","","FAIL - Sans token - 401","GET /api/stats/plateforme/dashboard - Dashboard super admin","2026-04-29","skipped","","","","",""
"","226","OK - Agent marque un RDV comme termine - statut termine","Agent - Gestion des RDV du jour","2026-04-29","passed","2026-04-29","","","",""
"","3630","✅ [IHM-013] Service ""inactif"" → bouton Prendre ticket désactivé","UI Chrome","2026-04-29","passed","2026-04-29","[SERVICE] Accès service selon statut et configuration","ui\critical-journeys.ui.spec.js","",""
"","3571","✅ [IHM-015] Signalement → raison obligatoire + bouton désactivé après (dejaSignale)","UI Chrome","2026-04-29","passed","2026-04-29","[SIGNAL] Signalement établissement","ui\critical-journeys.ui.spec.js","",""
"","451","[FILE-003] Ticket ""servi"" → la file avance (le prochain est appelable)","[FILE] Gestion de la file d'attente — invariants métier","2026-04-29","passed","2026-04-29","","","",""
"","","OK - Compteur non_lues correct - 2 non lues","GET /api/notifications - Mes notifications","2026-04-29","skipped","","","","",""
"","","OK - Admin cree service RDV - 201","POST /api/services - Creer service","2026-04-29","skipped","","","","",""
"","213","FAIL - Citoyen ne peut pas creer un service - 403","POST /api/services - Creer service","2026-04-29","passed","2026-04-29","","","",""
"","","[EXC-001] Exception fermeture → les créneaux libres du jour sont supprimés","[EXCEPTION] Fermeture exceptionnelle — gestion des RDV impactés","2026-04-29","skipped","","","","",""
"","304","OK - Email d'approbation envoye","PUT /api/etablissements/:id/valider — Approbation","2026-04-29","passed","2026-04-29","","","",""
"","295","✅ Rejet avec motif → statut = rejete + motif sauvegardé","PUT /api/etablissements/:id/rejeter — Rejet","2026-04-29","passed","2026-04-29","","","",""
"","","FAIL - Citoyen ne peut pas creer un service - 403","POST /api/services - Creer service","2026-04-29","skipped","","","","",""
"","0","FAIL - RDV dans 22h - hors fenetre 24h","Regle metier - Fenetres de rappel automatique","2026-04-29","passed","2026-04-29","","Rappel 24h (fenetre 23h-24h)","",""
"","1216","[UI-DASH-007] /superadmin/validate non connecte → redirection","UI Chrome","2026-04-29","passed","2026-04-29","IHM — Dashboard Super Admin (acces non autorise)","ui\dashboard.ui.spec.js","",""
"","264","OK - Admin assigne un service a un agent - 200","PUT /api/agents/:id/assigner-service - Assigner service","2026-04-29","passed","2026-04-29","","","",""
"","","OK - Ticket marque absent - statut = no_show","PUT /api/tickets/agent/:id/absent - Ticket no-show","2026-04-29","skipped","","","","",""
"","1","OK — un seul ticket → reste inchangé","[CRITIQUE] Tri file d'attente FIFO (ordre des tickets)","2026-04-29","passed","2026-04-29","","","",""
"","1250","[UI-TKT-009] Bouton retour ou navigation presente sur pages protegees","UI Chrome","2026-04-29","passed","2026-04-29","IHM — Navigation et experience utilisateur","ui\ticket.ui.spec.js","",""
"","819","[UI-RDV-002] Page mes-rdv non connecte → redirection","UI Chrome","2026-04-29","passed","2026-04-29","IHM — Rendez-vous — acces et protection","ui\rendezvous.ui.spec.js","",""
"","","[FILE-003] Ticket ""servi"" → la file avance (le prochain est appelable)","[FILE] Gestion de la file d'attente — invariants métier","2026-04-29","skipped","","","","",""
"","226","OK - Agent marque un RDV comme present - statut en_cours","Agent - Gestion des RDV du jour","2026-04-29","passed","2026-04-29","","","",""
"","0","FAIL - RDV dans 2h - hors fenetre 1h","Regle metier - Fenetres de rappel automatique","2026-04-29","passed","2026-04-29","","Rappel 1h (fenetre 50min-1h)","",""
"","1","OK — créneaux bien séparés","[CRITIQUE] Détection chevauchement de créneaux","2026-04-29","passed","2026-04-29","","","",""
"","276","✅ Citoyen signale un établissement → 200","POST /api/etablissements/:id/signaler — Signalement citoyen","2026-04-29","passed","2026-04-29","","","",""
"","1","OK — 5 personnes avant, 15 min/ticket → 75 min","[CRITIQUE] Calcul temps d'attente estimé","2026-04-29","passed","2026-04-29","","","",""
"","","FAIL - Citoyen prend un 2e ticket pour le meme service - 400","POST /api/tickets - Prise de ticket","2026-04-29","skipped","","","","",""
"","317","OK - Ticket marque servi - statut = servi","PUT /api/tickets/agent/:id/servi - Ticket servi","2026-04-29","passed","2026-04-29","","","",""
"","3564","✅ [IHM-016] Agent marque ""Présent"" → RDV confirme → en_cours, boutons changent","UI Chrome","2026-04-29","passed","2026-04-29","[AGENT] Workflow RDV — actions sur les rendez-vous","ui\critical-journeys.ui.spec.js","",""
"","1","OK — date simple retourne format YYYY-MM-DD","[CRITIQUE] Formatage date locale (anti-timezone bug)","2026-04-29","passed","2026-04-29","","","",""
"","","FAIL - Liste creneaux vide - 400","POST /api/rendezvous - Reserver un RDV","2026-04-29","skipped","","","","",""
"","236","FAIL - serviceId manquant - 400","GET /api/rendezvous/creneaux - Creneaux disponibles","2026-04-29","passed","2026-04-29","","","",""
"","1","FAIL — mot de passe vide → invalide","[CRITIQUE] Validation mot de passe","2026-04-29","passed","2026-04-29","","","",""
"","238","OK - Admin cree un service avec file - 201","POST /api/services - Creer service","2026-04-29","passed","2026-04-29","","","",""
"","1210","[UI-TKT-006] Page de suivi accessible sans connexion (QR code use case)","UI Chrome","2026-04-29","passed","2026-04-29","IHM — Suivi ticket (affichage public)","ui\ticket.ui.spec.js","",""
"","","FAIL - Sans token - 401","PUT /api/notifications/:id/lire - Marquer comme lue","2026-04-29","skipped","","","","",""
"","521","[UI-DASH-014] Page accueil charge en moins de 5 secondes","UI Chrome","2026-04-29","passed","2026-04-29","IHM — Performance et robustesse","ui\dashboard.ui.spec.js","",""
"","1233","[UI-TKT-004] Interface agent stats non connecte → redirection","UI Chrome","2026-04-29","passed","2026-04-29","IHM — Ticket / File attente — acces et protection","ui\ticket.ui.spec.js","",""
"","","[EXC-002] Exception ne crée pas de RDV orphelins — les RDV confirmés restent","[EXCEPTION] Fermeture exceptionnelle — gestion des RDV impactés","2026-04-29","skipped","","","","",""
"","","FAIL - Citoyen ne peut pas appeler - 403","POST /api/tickets/agent/appeler - Agent appelle le prochain ticket","2026-04-29","skipped","","","","",""
"","","FAIL - Citoyen ne peut pas modifier - 403","PUT /api/agents/:id - Modifier agent","2026-04-29","skipped","","","","",""
"","","FAIL - Citoyen ne peut pas voir les stats - 403","GET /api/stats/etablissement/:id - Stats detaillees","2026-04-29","skipped","","","","",""
"","","FAIL - Autre citoyen ne peut pas voir le RDV - 404","GET /api/rendezvous/:id - Details RDV","2026-04-29","skipped","","","","",""
"","191","FAIL - Service inexistant - 404","DELETE /api/services/:id - Supprimer service","2026-04-29","passed","2026-04-29","","","",""
"","","FAIL - Sans token - 401","GET /api/agents - Lister mes agents","2026-04-29","skipped","","","","",""
"","1","OK — 30 min → ""30 min""","[CRITIQUE] Formatage durée créneau","2026-04-29","passed","2026-04-29","","","",""
"","521","[UI-ETAB-005] Page accueil chargee sans erreur","UI Chrome","2026-04-29","passed","2026-04-29","IHM — Page d accueil et navigation","ui\etablissement.ui.spec.js","",""
"","","OK - Admin voit son dashboard - 200 avec tous les compteurs","GET /api/stats/etablissement/:id/dashboard - Dashboard admin","2026-04-29","skipped","","","","",""
"","21","❌ Token invalide → 401","GET /api/auth/me","2026-04-29","passed","2026-04-29","","","",""
"","1","FAIL - RDV passe - annulation refusee","Regle metier - Annulation RDV (limite 24h)","2026-04-29","passed","2026-04-29","","","",""
"","431","[FILE-002] Agent appelle le suivant → le ticket passe en statut ""appele""","[FILE] Gestion de la file d'attente — invariants métier","2026-04-29","passed","2026-04-29","","","",""
"","227","❌ Sans authentification → 401","POST /api/etablissements/:id/signaler — Signalement citoyen","2026-04-29","passed","2026-04-29","","","",""
"","263","❌ Citoyen ne peut pas suspendre → 403","PUT /api/etablissements/:id/suspendre — Suspension","2026-04-29","passed","2026-04-29","","","",""
"","312","FAIL - Citoyen ne peut pas lister - 403","GET /api/agents - Lister mes agents","2026-04-29","passed","2026-04-29","","","",""
"","","✅ Email de rejet envoyé","PUT /api/etablissements/:id/rejeter — Rejet","2026-04-29","skipped","","","","",""
"","389","FAIL - Admin etablissement ne peut pas voir stats plateforme - 403","GET /api/stats/plateforme/dashboard - Dashboard super admin","2026-04-29","passed","2026-04-29","","","",""
"","","✅ Super admin approuve un établissement en_attente → statut actif","PUT /api/etablissements/:id/valider — Approbation","2026-04-29","skipped","","","","",""
"","","FAIL - Service appartenant a un autre etablissement - 404","PUT /api/services/:id - Modifier service","2026-04-29","skipped","","","","",""
"","1","OK - Tous les roles autorises passent","Middleware verifierRole","2026-04-29","passed","2026-04-29","","","",""
"","310","FAIL - Sans token - 401","POST /api/agents - Creer agent","2026-04-29","passed","2026-04-29","","","",""
"","347","OK - Citoyen recoit uniquement ses notifications - 200","GET /api/notifications - Mes notifications","2026-04-29","passed","2026-04-29","","","",""
"","309","❌ Email non vérifié → 403 + code EMAIL_NOT_VERIFIED","POST /api/auth/login","2026-04-29","passed","2026-04-29","","","",""
"","1","OK — premier du mois avec zéro padding","[CRITIQUE] Formatage date locale (anti-timezone bug)","2026-04-29","passed","2026-04-29","","","",""
"","","FAIL - Citoyen ne peut pas voir le dashboard - 403","GET /api/stats/etablissement/:id/dashboard - Dashboard admin","2026-04-29","skipped","","","","",""
"","482","[UI-ETAB-001] Page etablissements accessible sans connexion","UI Chrome","2026-04-29","passed","2026-04-29","IHM — Recherche etablissements (page publique)","ui\etablissement.ui.spec.js","",""
"","","✅ Code correct → email vérifié + token retourné","POST /api/auth/verify-email","2026-04-29","skipped","","","","",""
"","350","FAIL - Liste creneaux vide - 400","POST /api/rendezvous - Reserver un RDV","2026-04-29","passed","2026-04-29","","","",""
"","","[FILE-005] Un citoyen ne peut pas prendre deux tickets actifs pour le même service","[FILE] Gestion de la file d'attente — invariants métier","2026-04-29","skipped","","","","",""
"","","FAIL - Sans token - 401","POST /api/rendezvous - Reserver un RDV","2026-04-29","skipped","","","","",""
"","598","✅ [UI-AUTH-011] Page d'accueil chargée avec succès","UI Chrome","2026-04-29","passed","2026-04-29","UI — Page d'accueil publique","ui\auth.ui.spec.js","",""
"","329","OK - Creneau passe en statut occupe apres reservation","POST /api/rendezvous - Reserver un RDV","2026-04-29","passed","2026-04-29","","","",""
"","","FAIL - Creneau deja pris - 400","POST /api/rendezvous - Reserver un RDV","2026-04-29","skipped","","","","",""
"","","FAIL - Sans token - 401","GET /api/stats/etablissement/:id - Stats detaillees","2026-04-29","skipped","","","","",""
"","1","OK — mobile 5x (Ooredoo/Orange)","[CRITIQUE] Validation numéro téléphone tunisien","2026-04-29","passed","2026-04-29","","","",""
"","1","OK — 75 min → ""1h15""","[CRITIQUE] Formatage durée créneau","2026-04-29","passed","2026-04-29","","","",""
"","766","✅ [UI-AUTH-002] Formulaire inscription step 1 remplissable","UI Chrome","2026-04-29","passed","2026-04-29","UI — Inscription citoyen","ui\auth.ui.spec.js","",""
"","","FAIL - Sans authentification - 401","POST /api/tickets - Prise de ticket","2026-04-29","skipped","","","","",""
"","4","❌ Sans authentification → 401","PUT /api/auth/change-password","2026-04-29","passed","2026-04-29","","","",""
"","99","❌ Email déjà utilisé → 400","POST /api/auth/signup/citoyen","2026-04-29","passed","2026-04-29","","","",""
"","","[CONFIG-002] Créneau occupé préservé lors d'une reconfiguration","[CONFIG] Reconfiguration des créneaux RDV — cohérence du système","2026-04-29","skipped","","","","",""
"","829","[UI-TKT-008] Pas de crash JavaScript sur pages ticket","UI Chrome","2026-04-29","passed","2026-04-29","IHM — Affichage file d attente (ecran public)","ui\ticket.ui.spec.js","",""
"","","FAIL - Agent inexistant - 404","PUT /api/agents/:id/assigner-service - Assigner service","2026-04-29","skipped","","","","",""
"","0","FAIL — numéro invalide (trop court) → null","[CRITIQUE] Formatage numéro WhatsApp tunisien","2026-04-29","passed","2026-04-29","","","",""
"","179","FAIL - Sans token - 401","POST /api/services - Creer service","2026-04-29","passed","2026-04-29","","","",""
"","450","✅ Liste publique retourne uniquement les établissements actifs","GET /api/etablissements — Liste publique","2026-04-29","passed","2026-04-29","","","",""
"","209","OK - Etablissement inexistant retourne liste vide","GET /api/services/etablissement/:id - Liste publique","2026-04-29","passed","2026-04-29","","","",""
"","","✅ Citoyen signale un établissement → 200","POST /api/etablissements/:id/signaler — Signalement citoyen","2026-04-29","skipped","","","","",""
"","0","FAIL — commence par 0 (invalide)","[CRITIQUE] Validation numéro téléphone tunisien","2026-04-29","passed","2026-04-29","","","",""
"","828","[UI-RDV-008] Pas de crash JS sur pages RDV","UI Chrome","2026-04-29","passed","2026-04-29","IHM — Navigation et liens RDV","ui\rendezvous.ui.spec.js","",""
"","","❌ Mauvais mot de passe → 401","POST /api/auth/login","2026-04-29","skipped","","","","",""
"","","❌ Citoyen ne peut pas accéder aux demandes en attente → 403","GET /api/etablissements/en-attente — Super Admin","2026-04-29","skipped","","","","",""
"","","[FILE-001] Prise de ticket → position dans la file correcte","[FILE] Gestion de la file d'attente — invariants métier","2026-04-29","skipped","","","","",""
"","1","OK — 60 min → ""1h"" (heure ronde)","[CRITIQUE] Formatage durée créneau","2026-04-29","passed","2026-04-29","","","",""
"","1","OK — créneaux consécutifs (fin du précédent = début du suivant)","[CRITIQUE] Continuité et non-chevauchement des créneaux","2026-04-29","passed","2026-04-29","","","",""
"","1","FAIL - Agent essaie une route super_admin - 403","Middleware verifierRole","2026-04-29","passed","2026-04-29","","","",""
"","384","OK - Citoyen voit ses RDV confirmes - 200","GET /api/rendezvous/mes-rdv - Mes rendez-vous","2026-04-29","passed","2026-04-29","","","",""
"","1","FAIL — créneau A inclus dans créneau B","[CRITIQUE] Détection chevauchement de créneaux","2026-04-29","passed","2026-04-29","","","",""
"","","OK - Citoyen voit ses RDV confirmes - 200","GET /api/rendezvous/mes-rdv - Mes rendez-vous","2026-04-29","skipped","","","","",""
"","207","FAIL - Sans token - 401","PUT /api/notifications/tout-lire - Marquer toutes comme lues","2026-04-29","passed","2026-04-29","","","",""
"","1","OK — mot de passe long → valide","[CRITIQUE] Validation mot de passe","2026-04-29","passed","2026-04-29","","","",""
"","3648","✅ [IHM-019] Admin crée service → apparaît immédiatement dans la liste","UI Chrome","2026-04-29","passed","2026-04-29","[ADMIN] Gestion services","ui\critical-journeys.ui.spec.js","",""
"","467","[UI-DASH-015] Viewport tablet fonctionne sur page login","UI Chrome","2026-04-29","passed","2026-04-29","IHM — Performance et robustesse","ui\dashboard.ui.spec.js","",""
"","1","OK - RDV dans 23.5h - dans la fenetre 24h","Regle metier - Fenetres de rappel automatique","2026-04-29","passed","2026-04-29","","Rappel 24h (fenetre 23h-24h)","",""
"","","✅ Alerte super admin déclenchée à 5 signalements","POST /api/etablissements/:id/signaler — Signalement citoyen","2026-04-29","skipped","","","","",""
"","487","OK - Citoyen reserve un RDV sur creneau libre - 201","POST /api/rendezvous - Reserver un RDV","2026-04-29","passed","2026-04-29","","","",""
"","","FAIL - Sans authentification - 401","POST /api/tickets/agent/appeler - Agent appelle le prochain ticket","2026-04-29","skipped","","","","",""
"","0","OK — file triée par numéro croissant (FIFO)","[CRITIQUE] Tri file d'attente FIFO (ordre des tickets)","2026-04-29","passed","2026-04-29","","","",""
"","","FAIL - serviceId manquant - 400","GET /api/rendezvous/creneaux - Creneaux disponibles","2026-04-29","skipped","","","","",""
"","1","FAIL — 9 chiffres (trop long)","[CRITIQUE] Validation numéro téléphone tunisien","2026-04-29","passed","2026-04-29","","","",""
"","","FAIL - Sans token - 401","POST /api/services - Creer service","2026-04-29","skipped","","","","",""
"","1","OK — mot de passe 6 caractères → valide","[CRITIQUE] Validation mot de passe","2026-04-29","passed","2026-04-29","","","",""
"","1268","[UI-DASH-018] Pas de crash JavaScript sur page detail etablissement superadmin","UI Chrome","2026-04-29","passed","2026-04-29","IHM — SuperAdmin Detail Etablissement","ui\dashboard.ui.spec.js","",""
"","276","FAIL - Service appartenant a un autre etablissement - 404","PUT /api/services/:id - Modifier service","2026-04-29","passed","2026-04-29","","","",""
"","326","OK - Admin voit les stats detaillees de son etablissement - 200","GET /api/stats/etablissement/:id - Stats detaillees","2026-04-29","passed","2026-04-29","","","",""
"","1","OK — lundi est ouvrable","[CRITIQUE] Vérification jour ouvrable (config service)","2026-04-29","passed","2026-04-29","","","",""
"","3607","✅ [IHM-017] Rejet établissement → bouton Rejeter disabled si raison vide","UI Chrome","2026-04-29","passed","2026-04-29","[SUPERADMIN] Validation établissements","ui\critical-journeys.ui.spec.js","",""
"","858","[UI-RDV-006] Page confirmation RDV accessible","UI Chrome","2026-04-29","passed","2026-04-29","IHM — Formulaire reservation RDV","ui\rendezvous.ui.spec.js","",""
"","230","FAIL - Citoyen ne peut pas acceder - 403","GET /api/services/me/services - Mes services (admin)","2026-04-29","passed","2026-04-29","","","",""
"","1","FAIL - 5 signalements mais alerte deja envoyee - pas de doublon","Regle metier - Seuil alerte signalements (5 reports)","2026-04-29","passed","2026-04-29","","","",""
"","1","FAIL — 7 chiffres seulement (trop court)","[CRITIQUE] Validation numéro téléphone tunisien","2026-04-29","passed","2026-04-29","","","",""
"","","OK - Service actif devient inactif apres toggle","PATCH /api/services/:id/toggle - Activer/Desactiver","2026-04-29","skipped","","","","",""
"","1","OK — samedi actif si config l'inclut (service 6j/7)","[CRITIQUE] Vérification jour ouvrable (config service)","2026-04-29","passed","2026-04-29","","","",""
"","1","FAIL - RDV dans 25h - hors fenetre 24h","Regle metier - Fenetres de rappel automatique","2026-04-29","passed","2026-04-29","","Rappel 24h (fenetre 23h-24h)","",""
"","555","✅ [UI-AUTH-007] Lien ""S'inscrire"" visible sur la page de connexion","UI Chrome","2026-04-29","passed","2026-04-29","UI — Connexion","ui\auth.ui.spec.js","",""
"","3625","✅ [IHM-007] Ticket actif existant → 2ème ticket bloqué ""déjà un ticket actif""","UI Chrome","2026-04-29","passed","2026-04-29","[ANTI-SPAM] Limites métier tickets — confirmées backend","ui\critical-journeys.ui.spec.js","",""
"","206","OK - Admin supprime son service - 200","DELETE /api/services/:id - Supprimer service","2026-04-29","passed","2026-04-29","","","",""
"","456","[SYNC-005] Annulation RDV citoyen → créneau redevient libre","[SYNC-RDV] Agent réserve par téléphone → créneau bloqué sur le web","2026-04-29","passed","2026-04-29","","","",""
"","1","OK — 0 personnes avant → 0 min (prochain)","[CRITIQUE] Calcul temps d'attente estimé","2026-04-29","passed","2026-04-29","","","",""
"","212","OK - Toutes les notifications marquees lues - non_lues = 0","PUT /api/notifications/tout-lire - Marquer toutes comme lues","2026-04-29","passed","2026-04-29","","","",""
"","","OK - Admin voit les stats detaillees de son etablissement - 200","GET /api/stats/etablissement/:id - Stats detaillees","2026-04-29","skipped","","","","",""
"","1","FAIL - RDV dans 1h - annulation refusee","Regle metier - Annulation RDV (limite 24h)","2026-04-29","passed","2026-04-29","","","",""
"","283","[EXC-002] Exception ne crée pas de RDV orphelins — les RDV confirmés restent","[EXCEPTION] Fermeture exceptionnelle — gestion des RDV impactés","2026-04-29","passed","2026-04-29","","","",""
"","2","FAIL - Emails invalides rejetes","Validation format email","2026-04-29","passed","2026-04-29","","","",""
"","1","FAIL — samedi non ouvrable (week-end)","[CRITIQUE] Vérification jour ouvrable (config service)","2026-04-29","passed","2026-04-29","","","",""
"","","❌ Citoyen ne peut pas approuver → 403","PUT /api/etablissements/:id/valider — Approbation","2026-04-29","skipped","","","","",""
"","0","OK — 1 personne avant → temps = durée 1 ticket","[CRITIQUE] Calcul temps d'attente estimé","2026-04-29","passed","2026-04-29","","","",""
"","316","✅ Super admin voit les demandes en attente","GET /api/etablissements/en-attente — Super Admin","2026-04-29","passed","2026-04-29","","","",""
"","309","OK - Citoyen voit les details de son RDV - 200","GET /api/rendezvous/:id - Details RDV","2026-04-29","passed","2026-04-29","","","",""
"","1223","[UI-DASH-005] /superadmin/dashboard non connecte → redirection","UI Chrome","2026-04-29","passed","2026-04-29","IHM — Dashboard Super Admin (acces non autorise)","ui\dashboard.ui.spec.js","",""
"","225","OK - Notification non lue devient lue - 200","PUT /api/notifications/:id/lire - Marquer comme lue","2026-04-29","passed","2026-04-29","","","",""
"","","[FILE-006] Annulation ticket citoyen → ticket retiré de la file","[FILE] Gestion de la file d'attente — invariants métier","2026-04-29","skipped","","","","",""
"","1322","[UI-ETAB-006] Navigation vers page etablissements depuis accueil","UI Chrome","2026-04-29","passed","2026-04-29","IHM — Page d accueil et navigation","ui\etablissement.ui.spec.js","",""
"","824","[UI-TKT-005] Page suivi ticket avec ID inexistant gere proprement","UI Chrome","2026-04-29","passed","2026-04-29","IHM — Suivi ticket (affichage public)","ui\ticket.ui.spec.js","",""
"","","FAIL - Service inexistant - 404","GET /api/services/:id - Details service","2026-04-29","skipped","","","","",""
"","","OK - Admin assigne un service a un agent - 200","PUT /api/agents/:id/assigner-service - Assigner service","2026-04-29","skipped","","","","",""
"","","OK - Admin cree un agent - 201 + invitation email envoye","POST /api/agents - Creer agent","2026-04-29","skipped","","","","",""
"","2","FAIL — créneaux identiques (double réservation exacte)","[CRITIQUE] Détection chevauchement de créneaux","2026-04-29","passed","2026-04-29","","","",""
"","1","OK — 10 personnes, 10 min/ticket → 100 min","[CRITIQUE] Calcul temps d'attente estimé","2026-04-29","passed","2026-04-29","","","",""
"","0","OK — vendredi est ouvrable","[CRITIQUE] Vérification jour ouvrable (config service)","2026-04-29","passed","2026-04-29","","","",""
"","","✅ Rejet avec motif → statut = rejete + motif sauvegardé","PUT /api/etablissements/:id/rejeter — Rejet","2026-04-29","skipped","","","","",""
"","","❌ Compte en attente (admin etablissement) → 403","POST /api/auth/login","2026-04-29","skipped","","","","",""
"","298","✅ Filtre par type fonctionne","GET /api/etablissements — Liste publique","2026-04-29","passed","2026-04-29","","","",""
"","269","✅ Établissement actif suspendu → statut = suspendu","PUT /api/etablissements/:id/suspendre — Suspension","2026-04-29","passed","2026-04-29","","","",""
"","817","[UI-ETAB-010] Tentative acces dashboard citoyen non connecte → redirection","UI Chrome","2026-04-29","passed","2026-04-29","IHM — File d attente (vue citoyen)","ui\etablissement.ui.spec.js","",""
"","287","OK - Citoyen annule son RDV - statut = annule + creneau redevient libre","DELETE /api/rendezvous/:id - Annuler RDV","2026-04-29","passed","2026-04-29","","","",""
"","421","OK - Autre citoyen ne voit pas les RDV du premier - isolation","GET /api/rendezvous/mes-rdv - Mes rendez-vous","2026-04-29","passed","2026-04-29","","","",""
"","3","OK — config 7j/7 → samedi génère des créneaux","[CRITIQUE] Génération créneaux — exclusion jours non actifs","2026-04-29","passed","2026-04-29","","","",""
"","3774","✅ [IHM-003] Citoyen annule RDV (anytime) → créneau RÉAPPARAÎT + liste mise à jour","UI Chrome","2026-04-29","passed","2026-04-29","[SYNC] Synchronisation créneaux agent ↔ web citoyen","ui\critical-journeys.ui.spec.js","",""
"","","❌ Email inexistant → 401","POST /api/auth/login","2026-04-29","skipped","","","","",""
"","","[SYNC-002] Agent crée un RDV manuel → POST /api/rendezvous/agent/rdv-manuel","[SYNC-RDV] Agent réserve par téléphone → créneau bloqué sur le web","2026-04-29","skipped","","","","",""
"","827","[UI-RDV-001] Page reservation RDV non connecte → redirection login","UI Chrome","2026-04-29","passed","2026-04-29","IHM — Rendez-vous — acces et protection","ui\rendezvous.ui.spec.js","",""
"","1","OK — mobile 2x (Tunisie Telecom)","[CRITIQUE] Validation numéro téléphone tunisien","2026-04-29","passed","2026-04-29","","","",""
"","0","OK — RDV dans 48h → annulation autorisée, pas de message","[CRITIQUE] Règle annulation RDV — message retourné au citoyen","2026-04-29","passed","2026-04-29","","","",""
"","820","[UI-DASH-009] /citoyen/mes-rdv non connecte → redirection","UI Chrome","2026-04-29","passed","2026-04-29","IHM — Dashboard Citoyen (acces non autorise)","ui\dashboard.ui.spec.js","",""
"","821","[UI-DASH-008] /citoyen/dashboard non connecte → redirection","UI Chrome","2026-04-29","passed","2026-04-29","IHM — Dashboard Citoyen (acces non autorise)","ui\dashboard.ui.spec.js","",""
"","227","FAIL - Sans token - 401","PUT /api/notifications/:id/lire - Marquer comme lue","2026-04-29","passed","2026-04-29","","","",""
"","","FAIL - Email deja utilise - 400","POST /api/agents - Creer agent","2026-04-29","skipped","","","","",""
"","","FAIL - Sans token - 401","DELETE /api/notifications/:id - Supprimer notification","2026-04-29","skipped","","","","",""
"","1","OK - RDV dans 48h - annulation autorisee","Regle metier - Annulation RDV (limite 24h)","2026-04-29","passed","2026-04-29","","","",""
"","416","OK - Agent cree avec service et guichet assigne","POST /api/agents - Creer agent","2026-04-29","passed","2026-04-29","","","",""
"","1","FAIL — RDV passé → refusé avec message ""déjà passé""","[CRITIQUE] Règle annulation RDV — message retourné au citoyen","2026-04-29","passed","2026-04-29","","","",""
"","346","FAIL - Sans token - 401","GET /api/agents - Lister mes agents","2026-04-29","passed","2026-04-29","","","",""
"","0","FAIL — dimanche non actif → 0 créneau généré","[CRITIQUE] Génération créneaux — exclusion jours non actifs","2026-04-29","passed","2026-04-29","","","",""
"","","OK - Super admin voit les stats plateforme - 200","GET /api/stats/plateforme/dashboard - Dashboard super admin","2026-04-29","skipped","","","","",""
"","1230","[UI-DASH-006] /superadmin/establishments non connecte → redirection","UI Chrome","2026-04-29","passed","2026-04-29","IHM — Dashboard Super Admin (acces non autorise)","ui\dashboard.ui.spec.js","",""
"","295","OK - Admin supprime son agent - 200","DELETE /api/agents/:id - Supprimer agent","2026-04-29","passed","2026-04-29","","","",""
"","322","OK - Ticket marque absent - statut = no_show","PUT /api/tickets/agent/:id/absent - Ticket no-show","2026-04-29","passed","2026-04-29","","","",""
"","","FAIL - Service inexistant - 404","DELETE /api/services/:id - Supprimer service","2026-04-29","skipped","","","","",""
"","839","[UI-DASH-012] Formulaire inscription etab contient champs nom et email","UI Chrome","2026-04-29","passed","2026-04-29","IHM — Inscription etablissement","ui\dashboard.ui.spec.js","",""
"","1","FAIL — heure début = heure fin → 0 créneaux","[CRITIQUE] Génération créneaux horaires","2026-04-29","passed","2026-04-29","","","",""
"","358","FAIL - Sans token - 401","GET /api/stats/etablissement/:id/dashboard - Dashboard admin","2026-04-29","passed","2026-04-29","","","",""
"","0","OK - 08h00-13h00, 30min, sans pause - 10 creneaux","Calcul nombre de creneaux attendus par jour","2026-04-29","passed","2026-04-29","","","",""
"","","FAIL - Admin etablissement ne peut pas voir stats plateforme - 403","GET /api/stats/plateforme/dashboard - Dashboard super admin","2026-04-29","skipped","","","","",""
"","554","[UI-DASH-013] Page login charge en moins de 5 secondes","UI Chrome","2026-04-29","passed","2026-04-29","IHM — Performance et robustesse","ui\dashboard.ui.spec.js","",""
"","467","[SYNC-003] Agent crée RDV + citoyen tente même heure → conflit détecté","[SYNC-RDV] Agent réserve par téléphone → créneau bloqué sur le web","2026-04-29","passed","2026-04-29","","","",""
"","226","OK - Route publique - aucun token requis","GET /api/services/etablissement/:id - Liste publique","2026-04-29","passed","2026-04-29","","","",""
"","1245","[UI-DASH-017] Page detail etablissement avec ID inexistant gere proprement","UI Chrome","2026-04-29","passed","2026-04-29","IHM — SuperAdmin Detail Etablissement","ui\dashboard.ui.spec.js","",""
"","","FAIL - RDV inexistant ou appartenant a un autre - 404","DELETE /api/rendezvous/:id - Annuler RDV","2026-04-29","skipped","","","","",""
"","0","EDGE — RDV exactement dans 24h → refusé (limite stricte)","[CRITIQUE] Règle annulation RDV — message retourné au citoyen","2026-04-29","passed","2026-04-29","","","",""
"","","OK - Admin cree un service avec file - 201","POST /api/services - Creer service","2026-04-29","skipped","","","","",""
"","","OK - Agent cree avec service et guichet assigne","POST /api/agents - Creer agent","2026-04-29","skipped","","","","",""
"","","FAIL - Sans token - 401","DELETE /api/rendezvous/:id - Annuler RDV","2026-04-29","skipped","","","","",""
"","0","FAIL — chaîne vide → false","[CRITIQUE] Validation numéro téléphone tunisien","2026-04-29","passed","2026-04-29","","","",""
"","217","FAIL - Service inexistant - 404","GET /api/services/:id - Details service","2026-04-29","passed","2026-04-29","","","",""
"","856","[UI-ETAB-003] Barre de recherche ou filtre presente","UI Chrome","2026-04-29","passed","2026-04-29","IHM — Recherche etablissements (page publique)","ui\etablissement.ui.spec.js","",""
"","","[SYNC-001] Créneau réservé par l'agent n'est plus libre pour le citoyen web","[SYNC-RDV] Agent réserve par téléphone → créneau bloqué sur le web","2026-04-29","skipped","","","","",""
"","1","FAIL — mot de passe 5 caractères → invalide","[CRITIQUE] Validation mot de passe","2026-04-29","passed","2026-04-29","","","",""
"","","✅ Établissement actif suspendu → statut = suspendu","PUT /api/etablissements/:id/suspendre — Suspension","2026-04-29","skipped","","","","",""
"","272","FAIL - Citoyen ne peut pas modifier - 403","PUT /api/agents/:id - Modifier agent","2026-04-29","passed","2026-04-29","","","",""
"","447","[UI-ETAB-008] Page responsive — viewport mobile fonctionne","UI Chrome","2026-04-29","passed","2026-04-29","IHM — Page d accueil et navigation","ui\etablissement.ui.spec.js","",""
"","","❌ Email non vérifié → 403 + code EMAIL_NOT_VERIFIED","POST /api/auth/login","2026-04-29","skipped","","","","",""
"","1","OK — durée personnalisée 45min → créneaux cohérents","[CRITIQUE] Génération créneaux horaires","2026-04-29","passed","2026-04-29","","","",""
"","","OK - Admin supprime son agent - 200","DELETE /api/agents/:id - Supprimer agent","2026-04-29","skipped","","","","",""
"","","OK - Creneau passe en statut occupe apres reservation","POST /api/rendezvous - Reserver un RDV","2026-04-29","skipped","","","","",""
"","349","FAIL - Sans authentification - 401","POST /api/tickets/agent/appeler - Agent appelle le prochain ticket","2026-04-29","passed","2026-04-29","","","",""
"","235","OK - User ne peut pas supprimer la notif d un autre - 200 silencieux","DELETE /api/notifications/:id - Supprimer notification","2026-04-29","passed","2026-04-29","","","",""
"","4654","✅ [IHM-008] File vide → bouton ""Appeler Suivant"" désactivé","UI Chrome","2026-04-29","passed","2026-04-29","[FILE] État ticket — invariants critiques","ui\critical-journeys.ui.spec.js","",""
"","","FAIL - Citoyen ne peut pas voir les RDV agent - 403","Agent - Gestion des RDV du jour","2026-04-29","skipped","","","","",""
"","1","FAIL - RDV dans 23h - annulation refusee","Regle metier - Annulation RDV (limite 24h)","2026-04-29","passed","2026-04-29","","","",""
"","","OK - Citoyen annule son RDV - statut = annule + creneau redevient libre","DELETE /api/rendezvous/:id - Annuler RDV","2026-04-29","skipped","","","","",""
"","","FAIL - Citoyen ne peut pas marquer servi - 403","PUT /api/tickets/agent/:id/servi - Ticket servi","2026-04-29","skipped","","","","",""
"","101","❌ UserId inexistant → 404","POST /api/auth/verify-email","2026-04-29","passed","2026-04-29","","","",""
"","496","[FILE-001] Prise de ticket → position dans la file correcte","[FILE] Gestion de la file d'attente — invariants métier","2026-04-29","passed","2026-04-29","","","",""
"","","OK - Stats retournees avec compteurs file attente","GET /api/services/:id/stats - Stats publiques","2026-04-29","skipped","","","","",""
"","541","✅ [UI-AUTH-009] Route protégée /superadmin → redirection","UI Chrome","2026-04-29","passed","2026-04-29","UI — Protection des routes front-end","ui\auth.ui.spec.js","",""
"","522","✅ [UI-AUTH-008] Route protégée /admin → redirection vers /login","UI Chrome","2026-04-29","passed","2026-04-29","UI — Protection des routes front-end","ui\auth.ui.spec.js","",""
"","","OK - Desassigner le service (service_id null) - 200","PUT /api/agents/:id/assigner-service - Assigner service","2026-04-29","skipped","","","","",""
"","94","❌ Email inexistant → 401","POST /api/auth/login","2026-04-29","passed","2026-04-29","","","",""
"","1","OK — créneaux générés ont la bonne durée","[CRITIQUE] Génération créneaux — exclusion jours non actifs","2026-04-29","passed","2026-04-29","","","",""
"","834","[UI-TKT-002] Page mes-tickets non connecte → redirection login","UI Chrome","2026-04-29","passed","2026-04-29","IHM — Ticket / File attente — acces et protection","ui\ticket.ui.spec.js","",""
"","423","[SYNC-002] Agent crée un RDV manuel → POST /api/rendezvous/agent/rdv-manuel","[SYNC-RDV] Agent réserve par téléphone → créneau bloqué sur le web","2026-04-29","passed","2026-04-29","","","",""
"","1","OK — 09:00-12:00 durée 60min → 3 créneaux","[CRITIQUE] Génération créneaux horaires","2026-04-29","passed","2026-04-29","","","",""
"","360","FAIL - Sans token - 401","GET /api/stats/plateforme/dashboard - Dashboard super admin","2026-04-29","passed","2026-04-29","","","",""
"","216","FAIL - Sans token - 401","GET /api/rendezvous/creneaux - Creneaux disponibles","2026-04-29","passed","2026-04-29","","","",""
"","300","❌ Citoyen signale deux fois le même établissement → 400","POST /api/etablissements/:id/signaler — Signalement citoyen","2026-04-29","passed","2026-04-29","","","",""
"","465","[FILE-004] Ticket ""absent"" → la file avance sans bloquer","[FILE] Gestion de la file d'attente — invariants métier","2026-04-29","passed","2026-04-29","","","",""
"","221","OK - User ne peut pas marquer la notif de quelqu un d autre - 200 silencieux","PUT /api/notifications/:id/lire - Marquer comme lue","2026-04-29","passed","2026-04-29","","","",""
"","","OK - Admin voit ses services - 200","GET /api/services/me/services - Mes services (admin)","2026-04-29","skipped","","","","",""
"","837","[UI-RDV-007] Lien prendre RDV sur page etablissement","UI Chrome","2026-04-29","passed","2026-04-29","IHM — Navigation et liens RDV","ui\rendezvous.ui.spec.js","",""
"","192","❌ Mauvais mot de passe → 401","POST /api/auth/login","2026-04-29","passed","2026-04-29","","","",""
"","","OK - Admin modifie le guichet de son agent - 200","PUT /api/agents/:id - Modifier agent","2026-04-29","skipped","","","","",""
"","","OK - Creneaux retournes pour un service et une date","GET /api/rendezvous/creneaux - Creneaux disponibles","2026-04-29","skipped","","","","",""
"","0","FAIL - req.user absent - 401","Middleware verifierRole","2026-04-29","passed","2026-04-29","","","",""
"","1","OK — 90 min → ""1h30""","[CRITIQUE] Formatage durée créneau","2026-04-29","passed","2026-04-29","","","",""
"","","OK - Agent appelle le prochain - statut = appele","POST /api/tickets/agent/appeler - Agent appelle le prochain ticket","2026-04-29","skipped","","","","",""
"","5","❌ Sans token → 401","GET /api/auth/me","2026-04-29","passed","2026-04-29","","","",""
"","557","OK - Admin cree un agent - 201 + invitation email envoye","POST /api/agents - Creer agent","2026-04-29","passed","2026-04-29","","","",""
"","","OK - Ticket marque servi - statut = servi","PUT /api/tickets/agent/:id/servi - Ticket servi","2026-04-29","skipped","","","","",""
"","315","FAIL - Email deja utilise - 400","POST /api/agents - Creer agent","2026-04-29","passed","2026-04-29","","","",""
"","","✅ Établissement suspendu absent de la liste publique","PUT /api/etablissements/:id/suspendre — Suspension","2026-04-29","skipped","","","","",""
"","","OK - Admin voit ses agents - 200","GET /api/agents - Lister mes agents","2026-04-29","skipped","","","","",""
"","","FAIL - Sans token - 401","PUT /api/notifications/tout-lire - Marquer toutes comme lues","2026-04-29","skipped","","","","",""
"","3724","✅ [IHM-004] Ticket ""appele"" → alerte verte ""votre tour"" + numéro guichet","UI Chrome","2026-04-29","passed","2026-04-29","[FILE] État ticket — invariants critiques","ui\critical-journeys.ui.spec.js","",""
"","5","✅ Email inexistant → 200 (même réponse pour sécurité)","POST /api/auth/forgot-password","2026-04-29","passed","2026-04-29","","","",""
"","386","OK - Admin voit ses agents - 200","GET /api/agents - Lister mes agents","2026-04-29","passed","2026-04-29","","","",""
"","4681","✅ [IHM-020] Token expiré (401) → déconnexion automatique + redirect /login","UI Chrome","2026-04-29","passed","2026-04-29","[AUTH] Sécurité session","ui\critical-journeys.ui.spec.js","",""
"","205","FAIL - Sans token - 401","GET /api/notifications - Mes notifications","2026-04-29","passed","2026-04-29","","","",""
"","844","[UI-TKT-010] Page 404 geree proprement (route inexistante)","UI Chrome","2026-04-29","passed","2026-04-29","IHM — Navigation et experience utilisateur","ui\ticket.ui.spec.js","",""
"","239","OK - Isolation : les notifs des autres users restent non lues","PUT /api/notifications/tout-lire - Marquer toutes comme lues","2026-04-29","passed","2026-04-29","","","",""
"","309","[CONFIG-001] Modification durée créneau → anciens créneaux libres supprimés","[CONFIG] Reconfiguration des créneaux RDV — cohérence du système","2026-04-29","failed","2026-04-29","","","",""
"","3690","✅ [IHM-005] Ticket ""servi"" → bouton Annuler désactivé (état terminal)","UI Chrome","2026-04-29","passed","2026-04-29","[FILE] État ticket — invariants critiques","ui\critical-journeys.ui.spec.js","",""
"","304","FAIL - Sans authentification - 401","POST /api/tickets - Prise de ticket","2026-04-29","passed","2026-04-29","","","",""
"","","✅ Connexion citoyen valide → 200 + token JWT","POST /api/auth/login","2026-04-29","skipped","","","","",""
"","105","✅ Token valide → profil retourné sans mot de passe","GET /api/auth/me","2026-04-29","passed","2026-04-29","","","",""
"","","FAIL - Admin essaie de voir le dashboard d un autre etablissement - 403","GET /api/stats/etablissement/:id/dashboard - Dashboard admin","2026-04-29","skipped","","","","",""
"","","✅ Liste publique retourne uniquement les établissements actifs","GET /api/etablissements — Liste publique","2026-04-29","skipped","","","","",""
"","","FAIL - Sans token - 401","GET /api/rendezvous/mes-rdv - Mes rendez-vous","2026-04-29","skipped","","","","",""
"","1","FAIL - 4 signalements - en dessous du seuil","Regle metier - Seuil alerte signalements (5 reports)","2026-04-29","passed","2026-04-29","","","",""
"","1","OK - 10 signalements, alerte non envoyee - alerte requise","Regle metier - Seuil alerte signalements (5 reports)","2026-04-29","passed","2026-04-29","","","",""
"","5","FAIL - Token expire - 401","Middleware verifierToken","2026-04-29","passed","2026-04-29","","","",""
"","","OK - Double toggle remet service actif","PATCH /api/services/:id/toggle - Activer/Desactiver","2026-04-29","skipped","","","","",""
"","392","FAIL - Admin essaie de voir le dashboard d un autre etablissement - 403","GET /api/stats/etablissement/:id/dashboard - Dashboard admin","2026-04-29","passed","2026-04-29","","","",""
"","330","❌ Citoyen ne peut pas accéder aux demandes en attente → 403","GET /api/etablissements/en-attente — Super Admin","2026-04-29","passed","2026-04-29","","","",""
"","","❌ Code incorrect → 400","POST /api/auth/verify-email","2026-04-29","skipped","","","","",""
"","","OK - Chaque user voit uniquement ses notifs (isolation)","GET /api/notifications - Mes notifications","2026-04-29","skipped","","","","",""
"","73","❌ Champ email manquant → erreur serveur","POST /api/auth/signup/citoyen","2026-04-29","passed","2026-04-29","","","",""
"","206","OK - Double toggle remet service actif","PATCH /api/services/:id/toggle - Activer/Desactiver","2026-04-29","passed","2026-04-29","","","",""
"","1","OK — mois et jours avec deux chiffres (padding)","[CRITIQUE] Formatage date locale (anti-timezone bug)","2026-04-29","passed","2026-04-29","","","",""
"","","FAIL - Sans token - 401","GET /api/services/me/services - Mes services (admin)","2026-04-29","skipped","","","","",""
"","831","[UI-TKT-001] Page prise de ticket non connecte → redirection ou page de connexion","UI Chrome","2026-04-29","passed","2026-04-29","IHM — Ticket / File attente — acces et protection","ui\ticket.ui.spec.js","",""
"","1233","[UI-TKT-003] Dashboard agent non connecte → redirection login","UI Chrome","2026-04-29","passed","2026-04-29","IHM — Ticket / File attente — acces et protection","ui\ticket.ui.spec.js","",""
"","1","OK — 5 min → ""5 min"" (créneau très court)","[CRITIQUE] Formatage durée créneau","2026-04-29","passed","2026-04-29","","","",""
"","1","FAIL — commence par 3 (préfixe invalide en Tunisie)","[CRITIQUE] Validation numéro téléphone tunisien","2026-04-29","passed","2026-04-29","","","",""
"","320","❌ Compte en attente (admin etablissement) → 403","POST /api/auth/login","2026-04-29","passed","2026-04-29","","","",""
"","318","FAIL - Service inexistant - 404","POST /api/tickets - Prise de ticket","2026-04-29","passed","2026-04-29","","","",""
"","","FAIL - Service inexistant - 404","POST /api/tickets - Prise de ticket","2026-04-29","skipped","","","","",""
"","1","OK — pas de chevauchement entre créneaux","[CRITIQUE] Continuité et non-chevauchement des créneaux","2026-04-29","passed","2026-04-29","","","",""
"","327","FAIL - Citoyen ne peut pas voir le dashboard - 403","GET /api/stats/etablissement/:id/dashboard - Dashboard admin","2026-04-29","passed","2026-04-29","","","",""
"","408","FAIL - Citoyen ne peut pas appeler - 403","POST /api/tickets/agent/appeler - Agent appelle le prochain ticket","2026-04-29","passed","2026-04-29","","","",""
"","1","EDGE — début d'un = fin de l'autre (adjacents, pas de chevauchement)","[CRITIQUE] Détection chevauchement de créneaux","2026-04-29","passed","2026-04-29","","","",""
"","4612","✅ [IHM-009] Ticket en cours → bouton ""Appeler Suivant"" désactivé","UI Chrome","2026-04-29","passed","2026-04-29","[FILE] État ticket — invariants critiques","ui\critical-journeys.ui.spec.js","",""
"","1240","[UI-DASH-004] /admin/stats non connecte → redirection","UI Chrome","2026-04-29","passed","2026-04-29","IHM — Dashboard Admin Etablissement (acces non autorise)","ui\dashboard.ui.spec.js","",""
"","","FAIL - Agent inexistant - 404","DELETE /api/agents/:id - Supprimer agent","2026-04-29","skipped","","","","",""
"","","OK - Agent marque un RDV comme present - statut en_cours","Agent - Gestion des RDV du jour","2026-04-29","skipped","","","","",""
"","","OK - Citoyen voit les details de son RDV - 200","GET /api/rendezvous/:id - Details RDV","2026-04-29","skipped","","","","",""
"","","OK - Details service retournes avec etablissement populate","GET /api/services/:id - Details service","2026-04-29","skipped","","","","",""
"","","[SYNC-004] Deux citoyens simultanés → un seul réussit (pas de double réservation)","[SYNC-RDV] Agent réserve par téléphone → créneau bloqué sur le web","2026-04-29","skipped","","","","",""
"","300","OK - Creneaux retournes pour un service et une date","GET /api/rendezvous/creneaux - Creneaux disponibles","2026-04-29","passed","2026-04-29","","","",""
"","826","[UI-DASH-011] Page inscription etablissement accessible","UI Chrome","2026-04-29","passed","2026-04-29","IHM — Inscription etablissement","ui\dashboard.ui.spec.js","",""
"","1215","❌ [UI-AUTH-003] Email invalide — validation HTML native bloque","UI Chrome","2026-04-29","passed","2026-04-29","UI — Inscription citoyen","ui\auth.ui.spec.js","",""
"","","OK - User ne peut pas supprimer la notif d un autre - 200 silencieux","DELETE /api/notifications/:id - Supprimer notification","2026-04-29","skipped","","","","",""
"","1","FAIL — numéro null → null","[CRITIQUE] Formatage numéro WhatsApp tunisien","2026-04-29","passed","2026-04-29","","","",""
"","412","FAIL - Creneau deja pris - 400","POST /api/rendezvous - Reserver un RDV","2026-04-29","passed","2026-04-29","","","",""
"","202","OK - Chaque user voit uniquement ses notifs (isolation)","GET /api/notifications - Mes notifications","2026-04-29","passed","2026-04-29","","","",""
"","367","[FILE-005] Un citoyen ne peut pas prendre deux tickets actifs pour le même service","[FILE] Gestion de la file d'attente — invariants métier","2026-04-29","passed","2026-04-29","","","",""
"","1224","[UI-DASH-003] /admin/agents non connecte → redirection","UI Chrome","2026-04-29","passed","2026-04-29","IHM — Dashboard Admin Etablissement (acces non autorise)","ui\dashboard.ui.spec.js","",""
"","589","✅ [UI-AUTH-012] Titre de la page contient FileZen ou nom de l'app","UI Chrome","2026-04-29","passed","2026-04-29","UI — Page d'accueil publique","ui\auth.ui.spec.js","",""
"","1","CRITIQUE — minuit local ne retourne pas la veille (bug UTC+1)","[CRITIQUE] Formatage date locale (anti-timezone bug)","2026-04-29","passed","2026-04-29","","","",""
"","232","OK - Admin voit ses services - 200","GET /api/services/me/services - Mes services (admin)","2026-04-29","passed","2026-04-29","","","",""
"","3532","❌ [UI-AUTH-005] Mauvais identifiants — message d'erreur affiché","UI Chrome","2026-04-29","passed","2026-04-29","UI — Connexion","ui\auth.ui.spec.js","",""
"","","OK - Numeros de tickets incrementes correctement","POST /api/tickets - Prise de ticket","2026-04-29","skipped","","","","",""
"","334","FAIL - Citoyen prend un 2e ticket pour le meme service - 400","POST /api/tickets - Prise de ticket","2026-04-29","passed","2026-04-29","","","",""
"","597","[SYNC-001] Créneau réservé par l'agent n'est plus libre pour le citoyen web","[SYNC-RDV] Agent réserve par téléphone → créneau bloqué sur le web","2026-04-29","passed","2026-04-29","","","",""
"","","OK - Liste des services actifs retournee - 200","GET /api/services/etablissement/:id - Liste publique","2026-04-29","skipped","","","","",""
"","298","OK - Desassigner le service (service_id null) - 200","PUT /api/agents/:id/assigner-service - Assigner service","2026-04-29","passed","2026-04-29","","","",""
"","269","FAIL - Citoyen ne peut pas voir les stats - 403","GET /api/stats/etablissement/:id - Stats detaillees","2026-04-29","passed","2026-04-29","","","",""
"","97","✅ Email de vérification envoyé après inscription","POST /api/auth/signup/citoyen","2026-04-29","passed","2026-04-29","","","",""
"","26","OK - Token valide - next() appele et req.user defini","Middleware verifierToken","2026-04-29","passed","2026-04-29","","","",""
"","0","OK — tri ne modifie pas le tableau original (immutabilité)","[CRITIQUE] Tri file d'attente FIFO (ordre des tickets)","2026-04-29","passed","2026-04-29","","","",""
"","469","[SYNC-004] Deux citoyens simultanés → un seul réussit (pas de double réservation)","[SYNC-RDV] Agent réserve par téléphone → créneau bloqué sur le web","2026-04-29","failed","2026-04-29","","","",""
"","","OK - Agent voit les RDV du jour - 200","Agent - Gestion des RDV du jour","2026-04-29","skipped","","","","",""
"","","FAIL - Sans token - 401","GET /api/rendezvous/creneaux - Creneaux disponibles","2026-04-29","skipped","","","","",""
"","278","OK - Stats retournees avec compteurs file attente","GET /api/services/:id/stats - Stats publiques","2026-04-29","passed","2026-04-29","","","",""
"","341","❌ Citoyen ne peut pas approuver → 403","PUT /api/etablissements/:id/valider — Approbation","2026-04-29","passed","2026-04-29","","","",""
"","1","OK - 08h00-17h00, 30min, pause 12h-13h - 16 creneaux","Calcul nombre de creneaux attendus par jour","2026-04-29","passed","2026-04-29","","","",""
"","193","OK - Admin modifie son service - 200 + donnees mises a jour","PUT /api/services/:id - Modifier service","2026-04-29","passed","2026-04-29","","","",""
"","1397","✅ [UI-AUTH-006] Lien ""Mot de passe oublié"" visible et fonctionnel","UI Chrome","2026-04-29","passed","2026-04-29","UI — Connexion","ui\auth.ui.spec.js","",""
"","285","FAIL - Sans token - 401","GET /api/stats/etablissement/:id - Stats detaillees","2026-04-29","passed","2026-04-29","","","",""
"","","❌ Citoyen ne peut pas suspendre → 403","PUT /api/etablissements/:id/suspendre — Suspension","2026-04-29","skipped","","","","",""
"","345","OK - Super admin voit les stats plateforme - 200","GET /api/stats/plateforme/dashboard - Dashboard super admin","2026-04-29","passed","2026-04-29","","","",""
"","3626","✅ [IHM-001] Agent réserve par tél → créneau 09:00 DISPARAÎT du calendrier citoyen","UI Chrome","2026-04-29","passed","2026-04-29","[SYNC] Synchronisation créneaux agent ↔ web citoyen","ui\critical-journeys.ui.spec.js","",""
"","858","[UI-ETAB-002] Liste des etablissements visible sur la page","UI Chrome","2026-04-29","passed","2026-04-29","IHM — Recherche etablissements (page publique)","ui\etablissement.ui.spec.js","",""
"","","FAIL - Citoyen ne peut pas acceder - 403","GET /api/services/me/services - Mes services (admin)","2026-04-29","skipped","","","","",""
"","1","FAIL — RDV dans 23h → refusé avec message 24h","[CRITIQUE] Règle annulation RDV — message retourné au citoyen","2026-04-29","passed","2026-04-29","","","",""
"","3579","✅ [IHM-010] Reprogrammation < 24h → bouton désactivé | Annuler reste actif","UI Chrome","2026-04-29","passed","2026-04-29","[RDV] Règles métier rendez-vous","ui\critical-journeys.ui.spec.js","",""
"","333","✅ Changement de mot de passe valide","PUT /api/auth/change-password","2026-04-29","passed","2026-04-29","","","",""
"","","❌ Sans authentification → 401","POST /api/etablissements/:id/signaler — Signalement citoyen","2026-04-29","skipped","","","","",""
"","","[SYNC-005] Annulation RDV citoyen → créneau redevient libre","[SYNC-RDV] Agent réserve par téléphone → créneau bloqué sur le web","2026-04-29","skipped","","","","",""
"","544","✅ [UI-AUTH-010] Route protégée /agent → redirection","UI Chrome","2026-04-29","passed","2026-04-29","UI — Protection des routes front-end","ui\auth.ui.spec.js","",""
"","19","OK - Le code est une chaine de 6 chiffres","genererCode - Generation code de verification 6 chiffres","2026-04-29","passed","2026-04-29","","","",""
"","","FAIL - Agent inexistant ou autre etablissement - 404","PUT /api/agents/:id - Modifier agent","2026-04-29","skipped","","","","",""
"","","FAIL - Citoyen ne peut pas lister - 403","GET /api/agents - Lister mes agents","2026-04-29","skipped","","","","",""
"","1","OK - Deux codes consecutifs sont differents (probabiliste)","genererCode - Generation code de verification 6 chiffres","2026-04-29","passed","2026-04-29","","","",""
"","","[SYNC-003] Agent crée RDV + citoyen tente même heure → conflit détecté","[SYNC-RDV] Agent réserve par téléphone → créneau bloqué sur le web","2026-04-29","skipped","","","","",""
"","1245","[UI-RDV-004] Page admin config RDV non connecte → redirection","UI Chrome","2026-04-29","passed","2026-04-29","IHM — Rendez-vous — acces et protection","ui\rendezvous.ui.spec.js","",""
"","208","OK - Compteur non_lues correct - 2 non lues","GET /api/notifications - Mes notifications","2026-04-29","passed","2026-04-29","","","",""
"","248","FAIL - Agent inexistant - 404","PUT /api/agents/:id/assigner-service - Assigner service","2026-04-29","passed","2026-04-29","","","",""
"","3553","✅ [IHM-014] Service file_activee=false → bouton ticket absent ou désactivé","UI Chrome","2026-04-29","passed","2026-04-29","[SERVICE] Accès service selon statut et configuration","ui\critical-journeys.ui.spec.js","",""
"","378","OK - Agent appelle le prochain - statut = appele","POST /api/tickets/agent/appeler - Agent appelle le prochain ticket","2026-04-29","passed","2026-04-29","","","",""
"","","OK - Citoyen reserve un RDV sur creneau libre - 201","POST /api/rendezvous - Reserver un RDV","2026-04-29","skipped","","","","",""
"","324","❌ Sans token → 401","GET /api/etablissements/en-attente — Super Admin","2026-04-29","passed","2026-04-29","","","",""
"","","[FILE-002] Agent appelle le suivant → le ticket passe en statut ""appele""","[FILE] Gestion de la file d'attente — invariants métier","2026-04-29","skipped","","","","",""
"","1","OK — numéro avec espaces → nettoyé et valide","[CRITIQUE] Validation numéro téléphone tunisien","2026-04-29","passed","2026-04-29","","","",""
"","828","[UI-ETAB-004] Page details etablissement accessible via URL","UI Chrome","2026-04-29","passed","2026-04-29","IHM — Recherche etablissements (page publique)","ui\etablissement.ui.spec.js","",""
"","17","OK — créneaux consécutifs sans chevauchement","[CRITIQUE] Détection chevauchement de créneaux","2026-04-29","passed","2026-04-29","","","",""
"","","FAIL - Sans token - 401","POST /api/agents - Creer agent","2026-04-29","skipped","","","","",""
"","","FAIL - Citoyen ne peut pas creer un agent - 403","POST /api/agents - Creer agent","2026-04-29","skipped","","","","",""
"","294","[CONFIG-002] Créneau occupé préservé lors d'une reconfiguration","[CONFIG] Reconfiguration des créneaux RDV — cohérence du système","2026-04-29","passed","2026-04-29","","","",""
"","862","[UI-RDV-005] Page reservation avec serviceId dans URL accessible","UI Chrome","2026-04-29","passed","2026-04-29","IHM — Formulaire reservation RDV","ui\rendezvous.ui.spec.js","",""
"","3650","✅ [IHM-006] 3 annulations atteintes → 4ème prise de ticket bloquée ""3 max""","UI Chrome","2026-04-29","passed","2026-04-29","[ANTI-SPAM] Limites métier tickets — confirmées backend","ui\critical-journeys.ui.spec.js","",""
"","13","OK - Le code est toujours entre 100000 et 999999","genererCode - Generation code de verification 6 chiffres","2026-04-29","passed","2026-04-29","","","",""
"","1","OK - Emails valides acceptes","Validation format email","2026-04-29","passed","2026-04-29","","","",""
"","1","OK — dernier jour de l'année","[CRITIQUE] Formatage date locale (anti-timezone bug)","2026-04-29","passed","2026-04-29","","","",""
"","292","FAIL - Sans token - 401","POST /api/rendezvous - Reserver un RDV","2026-04-29","passed","2026-04-29","","","",""
"","2","OK - Role autorise - next() appele","Middleware verifierRole","2026-04-29","passed","2026-04-29","","","",""
"","1278","[UI-DASH-001] /admin/dashboard non connecte → redirection login","UI Chrome","2026-04-29","passed","2026-04-29","IHM — Dashboard Admin Etablissement (acces non autorise)","ui\dashboard.ui.spec.js","",""
"","","FAIL - Citoyen ne peut pas voir stats plateforme - 403","GET /api/stats/plateforme/dashboard - Dashboard super admin","2026-04-29","skipped","","","","",""
"","","OK - Agent marque un RDV comme termine - statut termine","Agent - Gestion des RDV du jour","2026-04-29","skipped","","","","",""
"","375","FAIL - Autre citoyen ne peut pas voir le RDV - 404","GET /api/rendezvous/:id - Details RDV","2026-04-29","passed","2026-04-29","","","",""
"","2","FAIL — chevauchement partiel (agent réserve une plage qui empiète)","[CRITIQUE] Détection chevauchement de créneaux","2026-04-29","passed","2026-04-29","","","",""
"","216","❌ Ancien mot de passe incorrect → 400","PUT /api/auth/change-password","2026-04-29","passed","2026-04-29","","","",""
"","","OK - Toutes les notifications marquees lues - non_lues = 0","PUT /api/notifications/tout-lire - Marquer toutes comme lues","2026-04-29","skipped","","","","",""
"","","❌ Sans token → 401","GET /api/etablissements/en-attente — Super Admin","2026-04-29","skipped","","","","",""
"","1","OK - RDV dans 25h - annulation autorisee","Regle metier - Annulation RDV (limite 24h)","2026-04-29","passed","2026-04-29","","","",""
"","225","OK - Agent voit les RDV du jour - 200","Agent - Gestion des RDV du jour","2026-04-29","passed","2026-04-29","","","",""
"","462","OK - Admin voit son dashboard - 200 avec tous les compteurs","GET /api/stats/etablissement/:id/dashboard - Dashboard admin","2026-04-29","passed","2026-04-29","","","",""
"","476","[UI-ETAB-009] Page file d attente accessible (publique ou protegee)","UI Chrome","2026-04-29","passed","2026-04-29","IHM — File d attente (vue citoyen)","ui\etablissement.ui.spec.js","",""
"","2","OK — 08:00-17:00 durée 30min avec pause 12:00-13:00 → 16 créneaux","[CRITIQUE] Génération créneaux horaires","2026-04-29","passed","2026-04-29","","","",""
"","0","OK — 120 min → ""2h""","[CRITIQUE] Formatage durée créneau","2026-04-29","passed","2026-04-29","","","",""
"","3569","✅ [IHM-018] SuperAdmin approuve → établissement ""en_attente"" → ""actif""","UI Chrome","2026-04-29","passed","2026-04-29","[SUPERADMIN] Validation établissements","ui\critical-journeys.ui.spec.js","",""
"","590","✅ [UI-AUTH-004] Page de connexion accessible","UI Chrome","2026-04-29","passed","2026-04-29","UI — Connexion","ui\auth.ui.spec.js","",""
"","374","FAIL - RDV inexistant ou appartenant a un autre - 404","DELETE /api/rendezvous/:id - Annuler RDV","2026-04-29","passed","2026-04-29","","","",""
"","495","OK - Numeros de tickets incrementes correctement","POST /api/tickets - Prise de ticket","2026-04-29","passed","2026-04-29","","","",""
"","202","✅ Connexion citoyen valide → 200 + token JWT","POST /api/auth/login","2026-04-29","passed","2026-04-29","","","",""
"","","[FILE-004] Ticket ""absent"" → la file avance sans bloquer","[FILE] Gestion de la file d'attente — invariants métier","2026-04-29","skipped","","","","",""
"","1","OK — 15 min → ""15 min""","[CRITIQUE] Formatage durée créneau","2026-04-29","passed","2026-04-29","","","",""
"","0","OK — 45 min → ""45 min""","[CRITIQUE] Formatage durée créneau","2026-04-29","passed","2026-04-29","","","",""
"","","✅ Route publique — pas de token requis","GET /api/etablissements — Liste publique","2026-04-29","skipped","","","","",""
"","","❌ UserId inexistant → 404","POST /api/auth/verify-email","2026-04-29","skipped","","","","",""
"","1","OK - RDV dans 55min - dans la fenetre 1h","Regle metier - Fenetres de rappel automatique","2026-04-29","passed","2026-04-29","","Rappel 1h (fenetre 50min-1h)","",""
"","","❌ Code expiré → 400 + CODE_EXPIRED","POST /api/auth/verify-email","2026-04-29","skipped","","","","",""
"","","OK - Notification supprimee - 200 + plus dans la liste","DELETE /api/notifications/:id - Supprimer notification","2026-04-29","skipped","","","","",""
"","252","OK - Details service retournes avec etablissement populate","GET /api/services/:id - Details service","2026-04-29","passed","2026-04-29","","","",""
"","94","✅ Email existant → 200 (message sécurisé sans révéler si email existe)","POST /api/auth/forgot-password","2026-04-29","passed","2026-04-29","","","",""
"","1261","[UI-RDV-003] Page appointments agent non connecte → redirection","UI Chrome","2026-04-29","passed","2026-04-29","IHM — Rendez-vous — acces et protection","ui\rendezvous.ui.spec.js","",""
"","","FAIL - Sans token - 401","GET /api/notifications - Mes notifications","2026-04-29","skipped","","","","",""
"","1","FAIL — null → false","[CRITIQUE] Validation numéro téléphone tunisien","2026-04-29","passed","2026-04-29","","","",""
"","2","FAIL - Utilisateur introuvable en base - 401","Middleware verifierToken","2026-04-29","passed","2026-04-29","","","",""
"","336","✅ Super admin approuve un établissement en_attente → statut actif","PUT /api/etablissements/:id/valider — Approbation","2026-04-29","passed","2026-04-29","","","",""
"","","OK - Isolation : les notifs des autres users restent non lues","PUT /api/notifications/tout-lire - Marquer toutes comme lues","2026-04-29","skipped","","","","",""
"","","OK - Citoyen prend un ticket - 201 + numero assigne","POST /api/tickets - Prise de ticket","2026-04-29","skipped","","","","",""
"","292","OK - Admin modifie le guichet de son agent - 200","PUT /api/agents/:id - Modifier agent","2026-04-29","passed","2026-04-29","","","",""
"","337","FAIL - Sans token - 401","GET /api/rendezvous/mes-rdv - Mes rendez-vous","2026-04-29","passed","2026-04-29","","","",""
"","2647","✅ [UI-AUTH-001] Formulaire d'inscription affiché au chargement","UI Chrome","2026-04-29","passed","2026-04-29","UI — Inscription citoyen","ui\auth.ui.spec.js","",""
"","336","FAIL - Citoyen ne peut pas creer un agent - 403","POST /api/agents - Creer agent","2026-04-29","passed","2026-04-29","","","",""
"","798","[UI-DASH-010] /citoyen/notifications non connecte → redirection","UI Chrome","2026-04-29","passed","2026-04-29","IHM — Dashboard Citoyen (acces non autorise)","ui\dashboard.ui.spec.js","",""
"","","OK - User ne peut pas marquer la notif de quelqu un d autre - 200 silencieux","PUT /api/notifications/:id/lire - Marquer comme lue","2026-04-29","skipped","","","","",""
"","","✅ Connexion avec remember_me → token validité étendue","POST /api/auth/login","2026-04-29","skipped","","","","",""
"","","❌ Citoyen signale deux fois le même établissement → 400","POST /api/etablissements/:id/signaler — Signalement citoyen","2026-04-29","skipped","","","","",""
"","","FAIL - Service inexistant - 404","GET /api/services/:id/stats - Stats publiques","2026-04-29","skipped","","","","",""
"","1","OK — numéro avec préfixe +216 → format correct","[CRITIQUE] Formatage numéro WhatsApp tunisien","2026-04-29","passed","2026-04-29","","","",""
"","","[CONFIG-001] Modification durée créneau → anciens créneaux libres supprimés","[CONFIG] Reconfiguration des créneaux RDV — cohérence du système","2026-04-29","skipped","","","","",""
"","3598","✅ [IHM-002] Agent bloque créneau → slot 'bloque' grisé pour le citoyen","UI Chrome","2026-04-29","passed","2026-04-29","[SYNC] Synchronisation créneaux agent ↔ web citoyen","ui\critical-journeys.ui.spec.js","",""
"","","OK - Admin supprime son service - 200","DELETE /api/services/:id - Supprimer service","2026-04-29","skipped","","","","",""
"","","FAIL - Sans token - 401","GET /api/stats/etablissement/:id/dashboard - Dashboard admin","2026-04-29","skipped","","","","",""
"","174","OK - Service actif devient inactif apres toggle","PATCH /api/services/:id/toggle - Activer/Desactiver","2026-04-29","passed","2026-04-29","","","",""
"","0","OK — numéro 8 chiffres → 21612345678@c.us","[CRITIQUE] Formatage numéro WhatsApp tunisien","2026-04-29","passed","2026-04-29","","","",""
"","3563","✅ [IHM-011] Calendrier RDV : slot libre cliquable, occupé/bloqué grisé","UI Chrome","2026-04-29","passed","2026-04-29","[RDV] Règles métier rendez-vous","ui\critical-journeys.ui.spec.js","",""
"","244","OK - Admin cree service RDV - 201","POST /api/services - Creer service","2026-04-29","passed","2026-04-29","","","",""
"","1","OK - 09h00-12h00, 60min, sans pause - 3 creneaux","Calcul nombre de creneaux attendus par jour","2026-04-29","passed","2026-04-29","","","",""
"","292","✅ Établissement suspendu absent de la liste publique","PUT /api/etablissements/:id/suspendre — Suspension","2026-04-29","passed","2026-04-29","","","",""
"","1263","[UI-DASH-002] /admin/services non connecte → redirection","UI Chrome","2026-04-29","passed","2026-04-29","IHM — Dashboard Admin Etablissement (acces non autorise)","ui\dashboard.ui.spec.js","",""
"","102","❌ Code incorrect → 400","POST /api/auth/verify-email","2026-04-29","passed","2026-04-29","","","",""
"","250","✅ Email de rejet envoyé","PUT /api/etablissements/:id/rejeter — Rejet","2026-04-29","passed","2026-04-29","","","",""
"","30","FAIL - Token JWT invalide (falsifie) - 401","Middleware verifierToken","2026-04-29","passed","2026-04-29","","","",""
"","228","OK - Notification supprimee - 200 + plus dans la liste","DELETE /api/notifications/:id - Supprimer notification","2026-04-29","passed","2026-04-29","","","",""
"","0","FAIL — samedi non actif → 0 créneau généré","[CRITIQUE] Génération créneaux — exclusion jours non actifs","2026-04-29","passed","2026-04-29","","","",""
"","1","FAIL — mot de passe null → invalide","[CRITIQUE] Validation mot de passe","2026-04-29","passed","2026-04-29","","","",""
"","3","FAIL - Compte suspendu - 403","Middleware verifierToken","2026-04-29","passed","2026-04-29","","","",""
"","0","FAIL — numéro vide → null","[CRITIQUE] Formatage numéro WhatsApp tunisien","2026-04-29","passed","2026-04-29","","","",""
"","1","OK — numéro avec préfixe 216 → format correct","[CRITIQUE] Formatage numéro WhatsApp tunisien","2026-04-29","passed","2026-04-29","","","",""
"","1","OK — le premier ticket de la file est le prochain à appeler","[CRITIQUE] Tri file d'attente FIFO (ordre des tickets)","2026-04-29","passed","2026-04-29","","","",""
"","256","FAIL - Agent inexistant ou autre etablissement - 404","PUT /api/agents/:id - Modifier agent","2026-04-29","passed","2026-04-29","","","",""
"","1","OK — fixe 7x (Tunis)","[CRITIQUE] Validation numéro téléphone tunisien","2026-04-29","passed","2026-04-29","","","",""
"","107","❌ Code expiré → 400 + CODE_EXPIRED","POST /api/auth/verify-email","2026-04-29","passed","2026-04-29","","","",""
"","","✅ Super admin voit les demandes en attente","GET /api/etablissements/en-attente — Super Admin","2026-04-29","skipped","","","","",""
"","620","✅ Alerte super admin déclenchée à 5 signalements","POST /api/etablissements/:id/signaler — Signalement citoyen","2026-04-29","passed","2026-04-29","","","",""
"","1","OK — lundi actif → génère des créneaux","[CRITIQUE] Génération créneaux — exclusion jours non actifs","2026-04-29","passed","2026-04-29","","","",""
"","222","FAIL - Sans token - 401","GET /api/services/me/services - Mes services (admin)","2026-04-29","passed","2026-04-29","","","",""
"","821","[UI-TKT-007] Page affichage file publique accessible","UI Chrome","2026-04-29","passed","2026-04-29","IHM — Affichage file d attente (ecran public)","ui\ticket.ui.spec.js","",""
"","","✅ Filtre par type fonctionne","GET /api/etablissements — Liste publique","2026-04-29","skipped","","","","",""
"","1","OK — file vide → tableau vide","[CRITIQUE] Tri file d'attente FIFO (ordre des tickets)","2026-04-29","passed","2026-04-29","","","",""
"","1312","[UI-DASH-016] /superadmin/establishments/:id non connecte → redirection login","UI Chrome","2026-04-29","passed","2026-04-29","IHM — SuperAdmin Detail Etablissement","ui\dashboard.ui.spec.js","",""
"","339","FAIL - Citoyen ne peut pas voir stats plateforme - 403","GET /api/stats/plateforme/dashboard - Dashboard super admin","2026-04-29","passed","2026-04-29","","","",""
"","","OK - Notification non lue devient lue - 200","PUT /api/notifications/:id/lire - Marquer comme lue","2026-04-29","skipped","","","","",""
"","0","FAIL — durée > plage horaire → 0 créneaux","[CRITIQUE] Génération créneaux horaires","2026-04-29","passed","2026-04-29","","","",""
"","267","FAIL - Agent inexistant - 404","DELETE /api/agents/:id - Supprimer agent","2026-04-29","passed","2026-04-29","","","",""
"","","OK - Autre citoyen ne voit pas les RDV du premier - isolation","GET /api/rendezvous/mes-rdv - Mes rendez-vous","2026-04-29","skipped","","","","",""
"","1","FAIL — dimanche non ouvrable (week-end)","[CRITIQUE] Vérification jour ouvrable (config service)","2026-04-29","passed","2026-04-29","","","",""
"","234","✅ Inscription valide → 201 + userId retourné","POST /api/auth/signup/citoyen","2026-04-29","passed","2026-04-29","","","",""
"","1","OK - 5 signalements, alerte non envoyee - alerte requise","Regle metier - Seuil alerte signalements (5 reports)","2026-04-29","passed","2026-04-29","","","",""
"","1","OK — mobile 9x (Tunisie Telecom mobile)","[CRITIQUE] Validation numéro téléphone tunisien","2026-04-29","passed","2026-04-29","","","",""
"","193","✅ Connexion avec remember_me → token validité étendue","POST /api/auth/login","2026-04-29","passed","2026-04-29","","","",""
"","132","✅ Code correct → email vérifié + token retourné","POST /api/auth/verify-email","2026-04-29","passed","2026-04-29","","","",""
"","","OK - Citoyen recoit uniquement ses notifications - 200","GET /api/notifications - Mes notifications","2026-04-29","skipped","","","","",""
"","378","OK - Liste des services actifs retournee - 200","GET /api/services/etablissement/:id - Liste publique","2026-04-29","passed","2026-04-29","","","",""
"","280","[EXC-001] Exception fermeture → les créneaux libres du jour sont supprimés","[EXCEPTION] Fermeture exceptionnelle — gestion des RDV impactés","2026-04-29","failed","2026-04-29","","","",""
"","1","FAIL - Aucun token - 401 Token manquant","Middleware verifierToken","2026-04-29","passed","2026-04-29","","","",""
"","1","OK — numéro avec espaces → nettoyé","[CRITIQUE] Formatage numéro WhatsApp tunisien","2026-04-29","passed","2026-04-29","","","",""
"","1269","[UI-ETAB-007] Pas d erreur JavaScript sur la page d accueil","UI Chrome","2026-04-29","passed","2026-04-29","IHM — Page d accueil et navigation","ui\etablissement.ui.spec.js","",""
"","1197","[UI-DASH-019] Route superadmin establishments liste non connecte → redirection","UI Chrome","2026-04-29","passed","2026-04-29","IHM — SuperAdmin Detail Etablissement","ui\dashboard.ui.spec.js","",""
"","3613","✅ [IHM-012] Estimation = tickets_avant × temps_moyen → 2 × 15 = 30 min affiché","UI Chrome","2026-04-29","passed","2026-04-29","[RDV] Règles métier rendez-vous","ui\critical-journeys.ui.spec.js","",""
"","448","[FILE-006] Annulation ticket citoyen → ticket retiré de la file","[FILE] Gestion de la file d'attente — invariants métier","2026-04-29","passed","2026-04-29","","","",""
"","1","FAIL - Role non autorise - 403 Permissions insuffisantes","Middleware verifierRole","2026-04-29","passed","2026-04-29","","","",""
"","493","OK - Citoyen prend un ticket - 201 + numero assigne","POST /api/tickets - Prise de ticket","2026-04-29","passed","2026-04-29","","","",""
"","","OK - Admin modifie son service - 200 + donnees mises a jour","PUT /api/services/:id - Modifier service","2026-04-29","skipped","","","","",""
"","203","FAIL - Sans token - 401","DELETE /api/notifications/:id - Supprimer notification","2026-04-29","passed","2026-04-29","","","",""
"","222","FAIL - Citoyen ne peut pas voir les RDV agent - 403","Agent - Gestion des RDV du jour","2026-04-29","passed","2026-04-29","","","",""
"","","OK - Route publique - aucun token requis","GET /api/services/etablissement/:id - Liste publique","2026-04-29","skipped","","","","",""
